{"title":"Assessment: postgresql database seconize on localhost with the user rohan1 and 11 queries.", "report_data":[{"title": "Wildcard Hosts", "category": "Configuration", "description": "\n    Are wildcards used when specifying allowed hosts?\n    ", "result": {"level": "GREEN", "output": ""}},{"title": "Listen Addresses", "category": "Configuration", "description": "\n    check_configuration_listen_addresses\n    ", "result": {"level": "GREEN", "output": ""}},{"title": "Load Local Data", "category": "Configuration", "description": "\n    check_configuration_local_infile\n    ", "result": {"level": "ORANGE", "output": "could not open file \"/etc/shadow\" for reading: Permission denied\nHINT:  COPY FROM instructs the PostgreSQL server process to read a file. You may want a client-side facility such as psql's \\copy.\n"}},{"title": "Test Databases", "category": "Configuration", "description": "\n    Does a test database exist?\n    ", "result": {"level": "GREEN", "output": "No test database found."}},{"title": "SSL (TLS) Support", "category": "Configuration", "description": "\n    Does the database support  SSL (TLS) connections?\n    ", "result": {"level": "GREEN", "output": "SSL (TLS) is supported by this database server."}},{"title": "Version Check", "category": "Configuration", "description": "\n    Check Configuration: Version\n    Get the PostgreSQL database version number and compare it to\n    the latest known published version.\n    ", "result": {"level": "ORANGE", "output": "list index out of range"}},{"title": "Database Banner", "category": "Information", "description": "\n    Get database banner\n    ", "result": {"level": "GREEN", "output": "PostgreSQL 13.8 (Debian 13.8-0+deb11u1) on x86_64-pc-linux-gnu, compiled by gcc (Debian 10.2.1-6) 10.2.1 20210110, 64-bit\n"}},{"title": "Remote Host", "category": "Configuration", "description": "\n    Error log file\n    ", "result": {"level": "GREEN", "output": ""}},{"title": "Security Definer", "category": "User", "description": "\n    Security Definer\n    ", "result": {"level": "GREEN", "output": "No security definer functions found."}},{"title": "Empty Password", "category": "User", "description": "\n    Accounts with empty passwords.\n    ", "result": {"level": "RED", "output": "user name: postgres\nuser name: _gvm\nuser name: rohan2\n"}},{"title": "Weak Password", "category": "User", "description": "\n    Accounts with weak passwords.\n    ", "result": {"level": "GREEN", "output": "No weak password found."}}]}